Mean_Integrated,EK,Skewness,Mean_DMSNR_Curve,SD_DMSNR_Curve,EK_DMSNR_Curve,Skewness_DMSNR_Curve,Class
104.7316527,4.026748190771547,0.679113258,3.945980931,30.104619119,5.850115018,40.135868258,1
124.29836,0.5702131161651531,-0.321724866,11.965294478,17.446572927,4.679385669,74.678725399,0
118.2522515,0.533765126007179,0.247452169,2.253499928,19.820524686,7.943246845,71.755597478,0
116.6455216,0.16046264992349904,-0.107670398,1.360516102,14.95873688,8.980364872,130.568619748,0
111.7584274,0.644107632849617,1.234148634,2.946733347,13.38529963,9.288517341,180.42509471,1
128.0190328,0.6337621276110759,-0.315000126,9.66624669,33.575223188,4.222660716,49.052351314,0
67.913394,4.714775793131652,4.238586499,23.600700683,62.1418418,4.395942953,3.374987041,1
86.1352608,2.1117931165332875,0.75063014,3.957240415,17.90778702,4.205878792,69.582082313,1
83.0176065,3.9229879363942124,4.238586499,20.209632709,52.072961364,2.304196438,2.957348372,1
119.8104865,0.24802054338257298,-0.041479078,1.81107236,15.486832965,14.459679652,206.81724664,0
98.8987588,0.8954363014163598,-0.253582158,2.77879995,17.694947372,8.844718311,92.322600521,1
62.6722926,5.312925407531935,4.238586499,4.6397652,32.022197943,7.047350943,21.307111488,1
88.8083857,1.3066370240559424,-0.267539627,0.650501672,11.602682744,14.819913975,310.610813701,0
81.4987903,0.10135603152610195,2.865596062,14.85836585,54.887441072,9.517924458,35.960276691,1
74.185495,2.7696351766510108,0.781100085,12.433658175,44.870706026,2.84188619,20.001678236,1
117.7220063,1.1894904897210863,-0.198001632,4.148082801,28.499771752,8.10689765,87.121795798,0
107.581739,0.7304973904436003,0.434997346,7.814551665,28.210799163,4.495238782,49.250001333,0
116.2869895,0.014061224820659024,0.335867609,2.61752339,11.978292334,12.80018213,173.824069022,0
68.7529158,3.9216196723859023,3.116004188,8.082010476,26.290598462,6.853696762,41.640172397,1
78.2363816,2.3532670152189024,3.361067863,2.688031523,20.017290655,7.175878882,96.169857582,1
116.4792173,0.43870494671939636,0.064342556,0.780936158,12.849574092,13.87617802,232.100257315,0
118.3806453,0.3880304765344749,2.147947638,2.363971117,18.778138208,11.641748679,106.39420379,0
111.3866941,0.9195603163264475,-0.213304299,2.676978038,17.238208579,5.964033677,76.320182515,0
118.2784192,0.4747747608660134,1.30629884,2.070079177,14.717319565,9.79623876,122.771483938,0
86.2330316,0.909154076933151,0.223893081,1.890107878,11.218640575,14.161298063,221.414648679,0
82.6605972,1.2377045928471926,0.140279868,21.839799243,55.697781437,1.481482624,-1.630793986,1
128.4065721,0.5338882473412615,1.753966983,1.153890838,11.560556314,11.824787487,305.207583179,0
88.4618623,1.7040287175263276,2.702681331,0.650501672,9.956067718,15.950665673,191.887288489,1
128.4008189,0.3596388330353706,-0.111116601,1.720613603,14.632233148,11.136943934,204.371644889,0
80.7131801,0.3099101460815129,-0.627968785,0.95819295,14.796123508,14.72398981,163.572674634,0
101.4914119,1.7818659312097644,2.939297386,2.579712546,14.557576232,8.317131125,130.677963117,1
100.7049411,6.046681105940204,3.450596294,26.187205388,52.296748557,5.042175495,9.620622248,1
131.2257149,0.5031787848500875,-0.132895929,29.466995352,54.887198796,1.544241074,14.33939858,0
141.6765423,0.2981784419535148,-0.210573069,1.922500639,12.559614847,9.090316578,135.405302911,0
117.1951784,0.5254912855024869,1.136018439,2.342812741,15.451936563,9.041471796,122.532971825,0
72.0177451,4.268531070214628,4.238586499,33.634830276,61.20156043,1.259919518,-1.630793986,1
96.4648863,0.6058125340485786,2.163899341,1.109990888,11.347979809,14.123871945,208.932492906,0
128.8566172,0.5130949881127655,-0.092605338,1.04498151,14.136151325,17.123940816,132.236667251,0
101.16104,1.6546877785891043,1.728905261,1.998712804,13.558734875,11.869281696,140.145335582,0
112.0415455,0.1594308933494367,-0.013149696,0.890489183,11.481838691,14.62865788,237.639235896,0
92.8924548,2.015849674661337,0.484685115,3.062317488,21.070257916,8.543695241,72.957595982,1
88.0825825,1.4082971439943004,0.334848747,8.228594965,29.896046203,3.902843908,23.978562029,0
116.7863659,0.5962981640286174,0.552351257,0.76960995,11.43539281,11.675812089,186.672476235,0
116.9320971,0.35558330215855893,0.20998494,15.723579038,54.211610916,2.493543779,6.917845338,1
138.5049881,0.44443541699390554,0.215026498,6.743354673,36.038989771,4.083832323,53.356608702,0
118.4166733,0.28454398711193746,0.440407675,2.646011112,15.966720623,3.904656147,127.174031529,0
117.4810207,0.08946196957120506,-0.471453158,2.403962836,17.972827956,8.64567161,56.274159795,0
111.7686114,0.25824620349697636,-0.031876049,22.283984426,62.1418418,1.652805046,20.430006593,0
78.2190642,1.3561567458897381,0.982300597,2.726865973,15.66097811,10.344927677,122.06734974,1
138.1433469,0.1452813956686862,0.155986095,1.114652846,14.327981109,16.617612611,225.615523737,0
89.1468785,0.622227836321438,0.445676953,0.650501672,10.808551585,10.279961888,168.617567763,0
90.4712816,1.7982634177951426,0.699138394,2.690165333,24.145824827,11.269288687,173.465969105,1
114.9325441,0.6676305102729511,0.280639326,8.19293684,39.776677771,3.474646145,50.203690888,0
92.3357314,0.30065274568846756,1.840694762,3.098656156,15.732129293,8.622958729,98.704394351,0
116.7226062,0.6511209307830922,-0.248946246,9.857895152,40.200467997,3.670527258,61.605949419,0
106.2329767,0.831622831274024,1.807879608,2.754240354,23.227296015,7.588690693,74.494107631,1
118.4122964,0.8052919146533329,0.279224205,8.297904708,34.68480703,5.134851011,40.801804851,0
103.7042639,0.15549125545051226,2.483270379,2.057656777,14.680880939,9.725655303,151.65581233,0
138.543097,0.5095194784769694,-0.348097414,6.624886319,34.640086666,5.147827484,59.362025249,0
146.1483726,0.5664961332422922,0.663049529,1.752858955,12.193411173,10.32277665,171.145711794,0
133.1750933,0.059619602443364624,-0.480691299,2.830272746,21.989219053,9.881965489,62.064312204,0
98.9871975,1.9376909954257673,0.33292932,9.855209087,56.948373408,4.232803981,19.235466211,1
125.5559907,0.5855418287079608,0.064001181,0.772443154,10.694782315,13.410447445,187.643935104,0
91.2279647,1.1875737695351591,1.799027785,1.822241554,19.404996071,10.513159137,194.939258916,1
89.6223705,5.694059853379083,1.023487702,3.576440213,48.885299341,9.098103439,62.329642165,1
110.0281917,0.4442398311276564,-0.152391101,0.692002652,11.228036324,12.568992879,320.613183343,0
125.2250006,0.560939230727251,0.403457168,16.061696979,49.384987601,13.590417765,16.943078103,0
130.6419225,0.29589947479599593,0.251273077,12.139405582,59.427204038,3.409555886,16.342846931,0
108.9156795,0.276042981876061,0.440855266,2.681711062,11.054928771,12.652830544,166.102928279,1
112.2623975,0.5530326932876438,0.328605186,6.621164756,21.497375292,6.098669216,92.771656489,0
104.3452128,0.1812971566120999,0.098101367,0.90494758,10.00084553,13.354972677,364.5015953,0
119.2146656,0.26470008492350805,0.204323229,7.321961143,27.659393166,4.992418805,62.844328885,0
85.4095692,3.0009796106462643,1.116201381,6.843647759,14.15343838,2.291389944,216.318724399,1
74.3814939,0.5285452026332145,3.077319301,3.686084166,21.416460417,7.871847495,93.334393431,1
92.2747199,1.964981208967849,1.358568909,2.921197894,20.955969358,8.165076958,75.800209934,1
125.8713193,0.5728922560958966,-0.58420603,5.963134192,34.064772753,5.640149403,37.805527066,0
114.4722216,0.41986675167401205,0.15883833,1.916529318,21.286462399,7.476364477,71.616236435,0
102.004272,1.5822056712226273,2.237333792,2.972891449,13.268180323,8.77892219,136.439486171,1
115.0731449,1.3139216097103164,0.598404175,2.864055322,15.326254252,9.423976283,121.148995206,0
109.6489805,2.2483353229399503,1.977903482,1.093416091,14.340120604,11.496296903,180.662996905,1
117.1217473,0.47519003480549826,0.107081535,2.259837763,14.713609161,10.823932387,94.595018855,0
73.3283226,6.335348509786956,4.059127044,12.496725089,47.519269805,3.880810904,15.804192986,1
100.8041973,0.15500067672177872,0.378428392,15.040144561,51.463991741,4.688055055,7.240346635,0
80.5440834,1.9306881249729726,3.5702006,14.230710275,26.198438056,2.610366657,15.55776466,1
131.1589324,1.2429184187288185,0.267945052,3.419229764,19.435227269,7.822046169,83.484464501,0
75.8865427,3.3620844701165558,1.340113705,6.81705414,21.645446484,8.87739514,14.991264941,1
108.3979259,0.4756495324368329,0.481863816,5.029581154,23.236662653,7.06050179,70.230450464,1
74.4291616,1.7651839549392767,4.238586499,13.60740014,47.709921157,2.655057311,25.489886742,0
121.5777967,0.34099151751092693,0.236010164,2.007415041,22.939424629,8.176517987,59.346067912,0
80.4650946,1.6746980029636929,1.597542395,7.910900091,14.304167223,2.925592551,279.941286779,1
131.4468477,1.9564299153751359,2.604725705,2.723939384,14.417414493,9.891891437,122.780547091,0
117.2761329,0.21924180673922436,0.700163006,16.023229308,62.1418418,1.272776654,7.724559841,0
83.2621459,1.0163490570031206,0.410266074,8.559488021,26.361814324,3.046300956,49.579432496,1
127.6277147,0.3475518494507947,0.025482404,1.310306504,13.174577869,15.114881961,221.645852159,0
107.3599306,1.2630882027467143,0.451140372,2.965062962,18.645755863,7.393276422,98.892267374,0
142.319616,1.025335843127248,-0.1735813,7.203211763,26.158760157,5.113909105,29.128648533,0
130.9593225,1.1305541957014074,-0.300433231,3.425359089,30.146864794,4.853807496,65.820005278,0
108.5602531,0.6073380607615088,0.492194581,6.382613398,33.792638589,4.98442273,57.94938512,0
143.5010671,0.6056148577896562,-0.346010567,2.578036069,16.640425005,3.778582811,125.616801553,0
76.0758376,1.811286005504566,2.213084927,1.048016646,14.783994281,12.754426496,172.60727677,1
106.8241587,0.22149765752346245,0.243474698,2.361853754,19.646887881,9.786518739,83.419478016,0
155.4323262,1.8921907081108593,1.082527347,1.007909667,12.722125716,9.020702052,205.595223083,0
133.9650508,0.32660474301861453,0.365000051,1.799055636,14.521337375,10.21943866,118.034528646,0
117.0350731,0.3422154266129372,-0.216368226,3.03482337,20.221448613,7.496633661,96.910855392,0
81.4427433,4.093258688044055,4.238586499,2.954753136,36.304040389,5.142856159,10.382596655,1
103.5475351,1.1243622780887708,0.30744601,2.314488922,12.9432483,8.589585707,69.004812563,1
105.3805215,0.5047722782678129,-0.080168182,8.399102002,42.344934668,5.011606208,75.393915895,0
108.3205716,0.7066482554812771,0.624227384,2.352798768,13.280426009,10.338989365,151.116699935,0
129.8770211,0.8008500368542241,0.128710371,2.22614276,10.854068837,8.835044834,81.894397932,0
114.1107215,0.6145334238021596,-0.011126843,2.215150567,17.934388699,7.63150072,99.681096811,0
111.3597216,0.23971810821817455,-0.110275259,2.332028875,20.347356916,8.799698826,118.166080645,0
65.4555958,5.305275292440054,3.323811307,8.139939827,27.965711856,8.339185255,71.174437517,1
123.2537654,0.21817665646038317,0.005669466,13.038982449,59.27526416,2.752872949,18.27916624,0
90.1820243,1.2127733834999068,0.344663216,0.84345491,12.67843077,10.328166928,351.823082241,1
116.2635946,0.8510594002418329,0.237962121,2.533008556,19.211179559,8.605890706,115.76119827,0
71.733254,4.722363265502821,3.80997293,22.221352716,43.588013439,1.635918289,9.851066613,1
114.0136154,3.796098387287559e-05,0.771856691,1.675372197,15.253761383,9.567867237,163.922993018,0
91.646188,0.9738201934258377,0.554959716,0.725395141,10.528030871,11.408881932,176.028890426,1
136.4157459,0.3575516837336862,0.254628666,1.735840178,12.883201278,10.128562362,135.651742872,0
102.2760069,1.4689402920111323,0.254473689,2.806950345,16.41899452,8.916847039,124.124784854,1
111.1264903,1.1900012938527897,0.872084338,2.978549738,28.501460305,7.886951454,138.772034258,1
140.3229212,0.5159937571573293,0.393053283,3.901730788,22.80652135,6.016496339,48.242638694,0
111.8726661,1.5449490091663451,0.147211295,1.562993356,15.030777664,10.033418626,110.31214741,0
108.2627299,0.22107107149783686,0.478164929,11.390642445,62.1418418,4.039135717,19.064033002,0
104.4870253,2.4530852897348616,1.221148259,2.517916718,17.352625353,8.606557863,98.352206196,1
129.373656,0.513217105325851,0.1167503,1.349623131,17.757105584,6.548247889,109.508019332,0
99.9992058,1.4285478552348225,0.300507422,1.064792435,12.216082599,11.471844024,209.354562288,0
127.6580451,0.19096398570353434,-0.092094085,9.790950844,45.164339345,3.250956372,36.614590785,0
123.6264898,0.4071542105243867,0.62479149,12.078883145,44.668713841,5.971090938,19.899936383,0
106.162866,0.7906093068554555,0.467099259,0.774111384,15.138481852,11.182991888,288.717672483,0
89.2425056,4.0654333860923,1.838905231,3.138868227,27.837536907,6.245612737,33.976825988,1
119.8774622,1.3228321494031643,-0.426983149,1.449734648,13.003755387,10.999603588,227.49843327,0
74.883526,4.599883520324379,4.148259802,21.080905161,57.711555203,2.428273619,2.868430737,1
130.727643,0.8059658620381528,-0.307245002,2.115339095,14.353603922,10.778082301,115.919806284,0
106.3627564,0.46906773537710056,0.491926548,3.931364299,22.338113296,5.21676998,45.417955428,0
137.4245656,0.9818810122229169,-0.223600929,6.211425129,40.613071877,5.060192519,18.511988621,0
84.9596228,0.672194750618943,1.01402613,1.299213595,11.483035531,9.868656825,152.700324733,0
114.9217191,0.6105079266984385,0.683348292,5.004754122,31.709985067,6.515520118,29.293230156,0
72.7921889,4.473344788460823,4.238586499,19.228021099,53.65965917,2.292367133,1.52862057,1
108.1729965,0.22183711507437215,0.092532699,1.892978802,17.539866731,7.163894627,138.949918829,0
115.2214535,0.5426255553565047,-0.316517474,7.347201799,30.310235947,5.51058881,59.979783013,0
107.7641328,3.796098387287559e-05,0.299764352,3.145395403,21.829467005,7.208326904,146.462484388,0
77.9387429,0.7727554794286058,2.369833212,1.555957189,18.296577381,10.424885349,105.916771685,1
74.8660296,2.687589384952781,1.411221946,16.874068461,39.065480214,4.27322541,21.664623043,1
111.0462546,0.13670243304844065,-0.082921676,6.151726555,22.707387905,6.355073529,52.927757072,0
121.5927818,0.6886362300650934,0.249390185,9.247049446,37.053935568,6.103412743,63.324818923,0
120.7975329,0.711478147720378,1.628205631,2.578088733,15.059694556,10.393208988,151.815397043,0
96.3847895,1.2227874887428707,0.720909066,2.800826473,13.582026946,6.985361587,104.753406987,0
128.3947629,0.25819937327097003,-0.071666356,5.319238295,35.701227583,5.149317393,45.599368886,0
135.3030959,1.1124221346472003,0.272528539,1.987809719,22.421792244,7.73163396,153.78276358,0
109.3640888,0.16917402361619738,0.232981748,2.927134433,16.25628519,8.789933267,98.156154729,0
90.6340399,3.1944463750152474,1.118844088,2.554731568,15.600781557,8.516116124,100.60413554,1
114.3460765,0.6109936035012561,0.57702273,7.655072261,30.506126373,6.872640153,70.814898051,0
94.0599867,3.683544273381043,2.207277422,3.634643417,22.123482073,7.802964471,38.711150964,1
97.580027,3.868899448871435,3.618683266,4.437310939,22.594256315,7.690869717,59.246744205,1
88.0145581,2.7421244744965803,2.098415856,4.064109768,23.742889628,8.015880471,60.657044561,1
87.2386495,3.385681258060666,3.713858531,3.735547583,21.339794103,3.558466614,73.020999761,1
77.5983884,5.5562827848716685,4.238586499,4.030436735,53.188823261,5.241190246,24.064393028,1
92.4277466,3.3259329236404467,2.89343127,2.884901975,23.912747496,8.328198988,69.667535185,1
130.0648665,0.5899004340912152,0.148554167,35.529996973,62.1418418,3.56493297,15.956007931,0
122.3404745,0.6562438713746681,0.663900036,4.020662697,17.573654469,4.893521153,49.044621356,0
123.100015,0.3780553315177609,0.931788242,20.149058207,35.518545992,3.693428133,45.965908226,0
114.9359125,3.796098387287559e-05,0.007075259,3.720614419,30.831315038,7.473906164,15.65977757,0
144.2622878,0.9798845032785575,0.036781618,2.110864053,15.628457725,8.684342357,112.341848555,0
109.0583237,1.1851078080845217,-0.056854245,0.84980795,13.164403978,11.514096521,234.673538724,0
118.3843756,0.4578418744686924,0.626977407,8.00134273,37.371833,4.720483121,42.013384858,0
84.0708854,2.489023855074093,0.606317784,2.457462194,19.820523864,7.775395877,87.290673704,1
116.3975019,0.34676188424829146,0.31109099,7.083504952,20.550212931,5.507273985,54.701363289,0
131.9941464,0.2890397983415985,0.701397707,14.375493219,38.953732526,3.575999218,50.460842745,0
120.1517564,0.7494856659173417,0.6019816,3.681599254,20.564133154,6.108520042,74.237106638,0
99.1322888,2.0832026277052127,1.325216267,1.042531835,10.279547161,13.056030737,301.537286897,0
82.2807839,1.9859937265338359,0.108795818,0.650501672,11.099837524,11.112467081,259.641003711,0
121.3862886,1.61023709765358,0.40544709,0.916667892,9.956067718,13.191408995,261.494166971,0
104.1808028,2.160242477927322,0.150214725,1.421538996,12.953659979,11.3335129,152.680038498,0
97.129307,0.18617544868008937,-0.313177844,6.224032887,31.75759598,5.393075672,38.666352944,0
84.9240852,4.9376319956985135,4.238586499,2.773092679,51.872578557,1.598863847,3.577100287,1
78.9489182,2.6601138225366174,0.954080244,9.081545888,47.006013585,1.759975889,-1.630793986,1
136.0883704,0.55995389516041,-0.080338805,10.007826714,30.423547598,4.333861531,51.465394552,0
97.8125899,1.8876091771570076,0.611956749,2.415079104,17.215770422,10.377265954,97.394466726,1
100.1850199,0.5073200177285513,0.578978628,2.103707354,16.786935085,9.106068802,88.033530574,1
121.1655988,0.3172546902896405,1.002531778,2.471806892,18.706684456,10.099850818,101.149276479,0
89.0488878,0.7444901597196589,1.336965662,2.226999143,15.264998793,9.546362052,122.510198915,1
67.7730558,3.1348664382418208,4.049487715,21.187018673,62.135775011,3.068299587,1.55777694,1
76.6981925,4.914539214538194,3.728852832,23.819756559,56.736742189,1.936341312,14.738962282,1
75.3530201,2.0144980928111518,4.034504226,21.551375697,57.895592199,2.286039849,22.527317653,0
86.9365801,0.4319799120112586,0.143247476,2.831242026,15.240023488,8.086928908,132.120044779,0
89.2860805,0.5262990605951287,0.206899396,6.150771925,19.633075714,6.976978024,63.168106566,0
115.7993061,0.919071097719679,0.034485262,1.74622401,31.57364163,5.557676613,59.961551057,0
102.6620631,0.2778537984227254,0.352163031,3.73027133,17.91095641,5.323583635,61.602654675,0
94.0723741,1.6251708363523873,0.906077539,19.996873332,54.076020431,0.944944944,4.193066705,1
75.878243,0.7416635379286581,4.238586499,24.196242302,59.409723153,2.846402177,5.964699688,1
115.20368,0.48620745375264723,-0.326261476,2.942732797,22.361270019,8.210482182,114.782974327,0
99.5331286,2.1490701412874134,2.620988556,1.479228348,17.187126034,10.938029712,143.404414413,1
108.6554424,0.09793601995124598,0.5652694,0.650501672,12.676556867,4.279897802,255.296030819,0
88.069803,0.7450898190844455,2.272378469,4.181078346,24.021302161,2.83690747,45.676940035,1
94.9462302,0.6877006689243698,-0.326694281,2.137481472,16.136252589,10.061892928,149.911038433,0
105.0845748,0.7162200301040473,-0.425736715,1.436537827,18.760823248,9.286994364,219.347676711,0
113.8857103,0.051564129442335904,-0.088059886,13.057787008,37.442930851,3.628964297,27.727830201,0
72.323103,0.42469713647925345,3.761563814,20.700887668,52.510400069,2.490115921,3.456073471,1
105.7498683,3.796098387287559e-05,0.366891021,1.116102494,12.519654108,16.066459457,202.407060772,0
77.3648029,1.2340182980507453,-0.1301174,0.650501672,11.592709051,16.11170856,148.236308657,0
147.9069721,0.619055330859693,-0.230142244,13.630991519,23.018781088,5.067245551,47.829887188,0
97.027848,0.45030394237978816,0.510525991,1.484617887,12.660850269,11.206860973,364.407105949,0
72.0231223,4.757124452473084,3.360792315,25.623715226,59.839897956,2.127947288,2.189959653,1
99.9989639,2.4060601930366516,1.096992837,1.655050609,12.933569207,11.157768157,162.063040725,1
82.4854746,0.8612056222948943,1.780788305,3.935661342,21.875360208,8.536099165,69.238244223,1
113.5692739,0.4938666302743608,-0.143759355,5.427460404,29.659657237,4.112996148,52.860505096,0
116.5015082,0.32269213010856246,-0.519153726,8.256007261,20.870265584,3.496809534,62.316925693,0
121.6296798,0.04639315577333616,-0.168035162,2.284067542,20.775408899,9.24165797,185.897392218,0
99.8731808,1.522234288134555,-0.318895827,3.012688502,39.189948999,6.448591595,58.964539819,0
111.2983211,1.1991608696086185,-0.244094869,1.459437082,13.075956587,7.37889085,144.155837277,0
72.4770728,4.46521184478843,2.95690245,4.859583106,39.32835776,6.576595644,59.202927411,1
110.8992906,0.37772532977814105,0.688894877,1.27132652,40.804723211,11.457843884,269.916964079,0
116.1930831,1.4551885798904167,-0.190848224,1.619332658,11.09299221,9.96078118,233.435386474,1
74.9809269,3.880750331180522,4.238586499,15.769035902,62.1418418,3.052167464,17.988195534,1
129.205125,0.44706116385157835,0.20458312,2.801577706,15.091812916,10.051267377,124.053891532,0
124.504937,0.22689770869226045,2.152690012,2.083461993,13.6037632,9.650557873,112.872089706,0
112.5889769,0.5071519560583423,0.028773993,15.146332733,27.243213636,2.458709079,17.689425066,0
111.5000245,0.5798086473499509,-0.501599151,1.612703781,11.78611941,11.560902288,189.5745222,0
126.6887277,0.6676433138748642,-0.20248373,14.49148105,45.332896118,1.979255106,16.950751321,0
130.4577362,1.47421354996106,1.12494599,2.780854078,19.632872219,10.874730078,78.909668801,0
100.9233938,0.20855694444147882,0.309586468,1.978570331,13.635198005,8.679521812,169.415323559,0
134.4142381,0.5102875081726728,-0.01103221,6.326905316,20.366854767,7.213450233,52.186195739,0
88.1014949,2.1993197879395394,3.615197683,21.825794888,46.763558504,2.991041849,5.59849915,1
105.9779338,0.7432494571259667,-0.061295044,2.054779072,18.618242948,9.434799319,122.753032377,0
103.8030718,1.6323189045688162,1.249451689,2.984107266,20.579001765,7.396723903,85.512074144,1
114.6537751,1.054781403354667,0.65944257,6.075708182,35.932640397,4.027787215,51.441054239,0
128.5736533,0.6183256992593369,2.28913962,6.284212013,29.570262046,3.904632922,49.532847431,0
78.5235869,3.2914589363246467,4.238586499,19.614458758,56.157050612,0.751166357,4.856121963,1
84.5114714,2.9439650570496045,4.238586499,21.18239936,60.422750301,2.989119342,-1.630793986,1
126.1504411,0.6470636294877459,0.299116786,5.304138352,19.419594932,7.989750148,47.20450662,0
83.9680391,1.3518574366799416,2.49762741,2.454263122,17.945812748,10.009151178,54.606111095,1
118.0865954,0.5438458928382592,-0.109689436,6.49649408,44.125309613,5.878873494,67.281918757,0
121.4867338,0.6836149443725287,0.010030923,16.832214817,45.149661637,4.297518164,21.861665211,0
103.3132592,0.7251954344823832,0.160501825,0.650501672,11.337691896,10.525602599,152.720433339,0
116.0164747,1.3394525953498826,1.083463399,1.688405633,20.903289724,9.371192545,84.920743321,0
99.3253335,0.8767453481948635,-0.160422603,2.716080251,15.404027275,9.720110078,129.044964433,0
108.7092643,0.05021262831314097,0.166611287,5.155279333,19.38351287,6.237892592,77.247330196,0
114.7475791,0.529226624613458,2.165532371,1.996220209,14.996709822,8.4325437,134.116743804,0
93.2666514,1.5264951724991946,2.444809433,1.834239453,15.559504629,10.646415199,147.04301167,0
131.9847862,1.1723691651721944,0.395130846,1.540573656,22.743446073,7.163092759,45.523919678,0
95.6602293,1.541732293214586,0.152376616,1.43878034,13.011560481,11.844848298,189.502486058,1
100.789646,2.5698543293012537,2.516093498,1.927765848,11.175603179,12.92226705,169.029130341,1
120.926337,0.17895242588138843,0.425996113,6.885568156,37.069333206,4.163075241,33.285447997,0
95.9508839,0.6082462437170694,0.486482199,2.598543667,21.473797301,8.773509272,77.28396246,0
99.6411784,2.319686483140617,2.415498988,1.410378844,12.719141119,7.260307593,99.145791835,1
126.826713,1.271987028051045,0.027665143,4.514744823,24.339879895,7.090200191,66.699235239,0
120.2533008,0.25292579779650537,-0.351722086,5.509485315,38.432630125,5.364738534,72.538323599,0
113.234027,0.21267521010742535,0.503174005,10.864496226,39.709809524,4.050104083,15.156410437,0
78.796172,6.335348509786956,4.238586499,11.44108071,39.867999051,5.917267926,19.223893344,1
74.9622146,4.2706564897652335,2.69332934,3.416527491,49.366701927,5.20082287,2.989313815,1
109.8658477,0.6322813711368673,0.354446956,5.082078192,34.752604626,5.810552523,55.77971523,0
100.7453165,2.7130422763727706,0.699395141,2.947694156,18.830555595,5.551320253,69.186166257,1
104.398211,1.0838285040444153,0.337336444,2.886781698,29.984551819,16.260237834,72.649446341,0
131.9674074,0.4047765032167796,-0.33070924,6.004272541,52.109169429,3.075804972,32.188358912,0
67.2985301,2.4481172736519636,3.681792305,7.323796398,34.231354083,6.415097432,52.470422872,1
124.3414319,0.511482518079233,0.129016434,8.638909936,22.934427732,5.909778221,67.387107459,0
88.4434872,4.4306277749684995,2.101249937,3.714373518,27.185183144,7.307104857,59.456461298,1
124.5422996,0.9453146004031315,0.538816753,2.88789511,14.060476713,10.631967265,172.51774399,0
70.6659889,1.714560382460177,0.462555958,18.730107484,52.857933652,2.466907282,8.317538823,1
93.2192667,1.6427923104349456,-0.164897457,1.075717575,12.364229328,16.253250406,163.285365758,0
99.4357671,0.919787306962349,0.157175002,1.932644999,21.93090874,6.85540604,44.016389597,0
64.0466751,0.42479560920353565,2.046267264,4.329668819,32.766376173,7.177684671,72.924230745,1
120.9249228,0.43887668106749345,0.23001693,1.964748996,18.966753242,7.578364865,72.727581566,0
92.2118894,0.13365792424356995,-0.056449484,2.593266762,17.022428864,9.830172834,128.183250881,0
83.531342,1.4575619143594765,1.547828705,1.238521436,11.16709988,10.462847246,187.806431123,1
141.354266,0.41150238536647776,0.648603571,4.290840928,32.417452385,4.173340045,52.623700692,0
89.3804659,2.850233173255964,3.039666664,2.760908928,15.305236724,11.72327824,168.532876768,1
129.0686353,0.6207933862659637,0.370511473,1.33106203,12.631348422,12.66418045,280.931335834,0
124.1953274,0.44667604898024127,1.222628968,8.464762666,30.457586907,4.664753778,62.491489769,0
98.2966902,1.0845332607007228,-0.079460755,2.746184734,34.709435387,4.659934459,76.070532692,0
132.5203951,0.5596748398199446,0.317350877,1.3429669,23.933623206,14.793181839,229.027899725,0
149.9665867,0.8722574122189003,-0.098334022,1.994566377,23.931930385,6.63599475,70.029844487,0
92.4636399,0.5434147859866798,2.008705317,1.522358353,13.986107986,10.064856697,239.95767335,0
112.8834625,1.901378847303444,1.550120026,1.145850453,13.67096291,14.601896796,123.488582837,1
108.1918522,0.04398611411955263,-0.023992483,7.320244387,39.375142335,4.809212826,63.334760532,0
77.1724425,2.563444794060018,0.435995649,2.456877956,21.338399858,8.168424765,220.843192492,1
118.6493982,0.55092719031171,-0.088354701,7.11944012,19.555889158,6.27145695,62.014200145,0
111.3496816,0.22931826814520023,0.883420253,2.495484907,19.928745117,8.429568335,66.380993269,0
106.8840958,0.22986077253896842,0.527676442,0.944274819,14.49592812,10.727625672,188.441826833,0
97.2603078,1.1970279154478183,2.340873292,1.953432665,16.148385238,11.144113232,165.672129608,1
115.6738013,0.7072018172038013,0.811106804,4.31367087,15.190826857,6.578818937,111.762040961,0
127.4430389,1.0608884902290996,-0.560433299,2.42008672,16.094575855,8.048079074,146.984440166,0
119.0644695,1.1291529709095909,0.34178873,6.975663352,30.391821073,3.696601353,59.651778957,0
66.4430661,4.47493716351443,3.274758501,19.54976398,24.286807083,5.030984843,59.668742806,1
97.1390829,1.5766946105048507,0.390141711,4.387082742,16.934771658,5.045104886,53.282929155,1
93.1980128,3.7107061114712354,1.848813806,2.35032774,19.186772643,11.515427885,103.375910972,1
125.3402451,1.0559944090537714,-0.233623768,3.989096207,42.759714952,8.028266372,66.862239508,0
111.8229485,0.01833562163832661,0.037878712,27.414798073,59.594674713,3.450065439,10.511139941,0
65.6976239,0.44608926100612706,0.366521135,0.941330379,11.624145962,14.672385637,336.225483741,1
98.0237711,2.061440441947289,1.359536974,1.926527093,12.257433954,10.125967098,114.562759878,1
94.3264029,0.5751500714107877,2.410662904,2.718216791,17.036431724,8.720558758,88.47952647,0
117.7105415,1.4408826733929918,0.758724497,18.426353315,55.622096075,1.441980213,8.436117147,0
157.6726454,0.6844222011582406,-0.71493524,3.277767955,25.14738685,6.906952939,23.03224336,0
84.4092068,0.7363719982191029,0.721809369,2.615096169,34.727335219,8.118037914,50.840153839,1
112.287262,0.665491164818135,-0.113892937,1.38500397,12.645021139,13.011675371,346.959484302,0
131.5213882,0.588236825912384,0.246034941,10.666834831,33.081887192,2.633557442,52.169634251,0
100.7669195,0.6583445009743277,0.049973517,7.57062553,19.748187524,6.683968339,54.21204318,0
142.6238384,0.6472286399128944,0.61332042,1.91622574,25.217670863,8.649376083,119.224175524,0
120.2464681,0.11581526281769322,0.28564448,0.914171343,11.84363341,13.70840162,318.327312032,0
75.3663675,2.013187894105156,0.458607005,13.234074343,53.137215378,4.599389579,11.118024888,1
119.055496,0.3537364022394841,0.397986325,1.895423768,23.143260305,5.54277775,75.644350052,0
83.2134463,1.5295154678570715,1.776270362,2.563407074,13.237754534,9.28251595,151.815722152,1
53.1916632,3.6441962276967343,4.238586499,22.94063702,60.086982489,1.588949216,8.727226092,1
108.4064362,1.4721424305679818,1.475420306,2.658346116,18.40695124,7.3537067,97.525232321,1
127.7097487,0.11654864741390261,0.396783596,11.208721318,40.719390459,6.689867162,30.758904988,0
110.7716486,0.08673784233256743,-0.065407667,2.46767244,15.31122096,10.007933759,99.820988542,0
135.6391209,0.6031224218716226,-0.302544258,0.894135608,12.229101238,10.259346766,145.760979611,0
86.5958566,2.5155281748038276,1.147290259,0.73994013,10.446986156,11.296877378,202.632146995,1
110.1406186,1.5304714786634075,0.43201764,0.810359866,14.22576057,11.510180211,179.419870624,0
95.4700307,0.44281483514477127,0.035609104,2.710064419,15.379980911,8.500803226,73.017989823,1
132.1871243,0.27333573450859266,0.511493094,2.039608535,19.803771733,10.150185922,86.202571637,0
106.1695879,0.2980420449552408,0.58375937,2.899377147,16.630090965,9.222003944,111.06893859,0
126.8374005,1.2433685466960962,0.363612529,19.601220355,40.411856239,3.83441741,19.782072872,0
72.4654562,4.976454930865939,4.053375418,33.399562207,57.654113212,1.415731432,-1.630793986,1
107.754808,0.022281615437160576,0.257230961,10.442695447,41.673349293,5.176048612,60.121881993,0
110.85921,0.8067655879259675,1.164191004,1.583940375,15.330697877,9.666481547,252.732651851,0
113.9673923,0.7037339229706746,-0.278521968,2.411419444,21.328934318,11.413251423,109.473236556,0
102.7637647,0.25126159525747643,-0.21212491,1.568399794,16.110609731,8.288839595,171.976470759,0
109.9818419,0.08192976391490106,-0.143988337,6.193204108,26.436549021,6.427380845,64.646662977,0
108.3932118,0.5877904221035885,1.043680589,2.60568645,21.162140461,7.548455999,38.924773515,0
103.4127386,0.5983783441821914,0.270814006,1.812182419,17.352082662,10.200097415,132.027300798,0
88.0491922,1.886480720302143,1.741673607,2.994442689,23.628342021,6.849152031,78.665859378,1
87.0563195,0.8016505567114697,2.721855541,1.050963272,11.102909783,12.921927096,160.357903871,1
112.6962292,0.5647485692146651,-0.00702422,18.533277431,38.994476571,6.795620258,25.803833191,0
97.9007743,0.764046521943542,0.602856972,2.880047334,14.367286293,7.72424433,67.218456358,0
120.5301866,0.37345355457232,1.931381994,1.935834079,14.234135734,9.050056728,146.279724558,0
154.1360412,0.4374248474566708,-0.015811488,6.918711993,31.644705617,4.393982536,51.80339419,0
115.2710371,0.35448620887801313,-0.125382784,0.650501672,12.800443017,13.015106485,271.004292863,0
98.8980427,2.359252482249946,0.574309918,0.650501672,12.847128162,13.187843696,306.804927796,1
93.0893966,0.9347996119712816,0.316804554,2.275273045,18.820293556,11.147162313,118.976799483,1
108.4500999,0.5146290156397998,0.37792051,3.40699258,23.364534279,7.060913904,45.522236081,0
85.5540545,2.6849212377566833,0.269181334,3.20693742,28.135923721,9.062176523,44.739046265,1
76.6264759,3.642303510013873,0.393073934,3.151762257,21.709977244,6.756104915,93.077329112,1
116.4267927,0.24416825868680292,-0.087608084,2.466945784,20.28113001,8.996876551,131.805965813,0
114.3578408,0.5461403409172424,-0.03495767,2.646852008,19.782450439,5.768720312,120.168260155,0
83.3720613,3.596808705220216,2.562891018,2.86597871,20.639858859,7.112992739,111.808661943,1
132.7244532,0.8208017404256164,0.212683397,26.630351336,54.524818624,1.951973902,2.382954253,0
121.5534054,0.10703608775762363,-0.042577675,3.423944146,24.017369796,3.991699676,60.278291911,0
91.5433257,0.29221702570491914,0.337371821,0.771148286,10.857425972,11.025878206,358.794873582,0
79.376958,2.4650685139800257,0.565204588,6.193561948,51.032030908,2.125698647,43.508635257,0
72.7031588,6.014911508576404,1.450703469,3.244686549,23.108744191,5.243483328,24.118304434,1
102.7457942,2.626531499671489,2.968304338,1.69178103,14.949637793,8.692408567,155.051858728,1
107.1741957,0.07335300392423792,-0.278052383,1.254268575,12.206639338,12.913452791,183.374731404,0
115.4138443,0.6137037647404996,1.195052574,3.026067931,19.394278935,9.005409515,95.446800434,0
124.9626529,0.5173385474978894,0.435446688,7.212287964,26.824774729,5.889586583,56.194487372,0
105.1317667,0.5442014152232167,0.177454365,2.079365026,19.145566363,8.530787361,87.315775828,0
112.2924193,0.46492929849751163,0.71734151,4.755355476,29.46303298,6.850628259,45.893598166,0
108.024137,0.5968178850742334,0.205617929,6.427043441,29.696029196,6.795068527,52.040884918,0
103.8951786,0.2989064354411714,0.084981234,1.339255084,9.956067718,7.786696579,275.05303022,0
132.4175023,0.23768773090554426,0.037399271,13.429444826,55.508283281,1.503036281,14.92208563,0
136.9289744,0.6483044773059867,0.115103895,9.914953586,46.235838757,4.524120925,5.119251696,0
81.8687252,3.0324110069199226,1.911716578,2.554265149,19.556101637,11.866494578,180.4696535,1
97.5956998,2.6895285912136697,1.308980022,2.365282931,14.476123411,7.905694282,161.188743766,1
106.2204063,0.6858492138567149,0.394186067,5.413346092,24.038444809,7.809143916,31.914265438,0
65.5852838,5.0179715030239205,4.106735515,23.681529934,59.808516127,1.078867073,7.623326025,1
128.4446424,0.25519560758986976,0.403720999,2.217704557,12.54480426,10.182876321,171.791740391,0
94.6440576,0.3858140722075222,0.399126915,4.625242726,26.652382881,6.38741051,68.587547768,1
107.339575,0.7021824493628441,0.011348588,3.124137494,32.397800481,7.971962763,74.317139363,0
120.5071738,0.6302762347150771,0.01693007,6.95928719,48.781776055,3.652398532,50.31844242,0
99.0629282,0.47608941369594443,0.867178473,2.514205504,23.644851529,9.348414675,84.088093407,1
93.1808765,1.5942333243301772,0.951063721,3.332331372,22.387145871,7.436683756,108.28519662,1
128.0768256,0.18327245601749886,-0.301493069,1.923696171,20.615539026,8.78449914,121.658578199,0
74.8437451,3.8697543405138317,3.152188668,3.879086259,22.626890847,8.965295336,70.355222861,1
72.0900962,3.943152357712706,4.042598007,18.499295602,60.110350002,3.66863206,4.187014869,1
120.4194075,0.5314800664958442,0.283405655,3.848766059,27.033715596,5.277786992,62.478064755,0
108.7000296,0.44064653212922145,-0.402240177,5.325654839,32.53674976,5.276281733,70.307822498,0
100.7733037,0.37118929138129986,0.560308488,18.445204059,54.748366261,1.139571887,6.10665763,1
103.604609,0.7303329584495658,0.811568452,2.326234275,13.303206383,8.337199415,129.042511927,1
111.5707234,0.11032912906306143,-0.28575765,6.277284646,37.989539228,6.674625505,56.927047722,0
88.8507534,1.9583027518432472,2.241438944,3.242472019,19.81470422,7.467233207,106.050358337,1
124.1406404,0.368104139655973,0.374391908,7.151170757,32.182239728,3.436055596,46.570629966,0
96.7316146,1.373039052375108,0.124307828,2.109858618,12.444752833,8.994098192,107.075725128,0
108.216772,0.6124508821785345,-0.148425954,6.146830537,25.767746215,7.367608073,67.178033172,0
100.3186036,0.14732601121984001,0.234999457,5.797038071,29.532929815,5.650965092,71.650815933,0
69.1939715,4.770200793400251,3.568434191,19.269167988,53.866216765,2.613297211,16.196756929,1
106.8499066,2.621198286036311,2.225758853,3.055421059,20.580724805,9.49501898,77.432945421,1
123.8802553,0.23491299023836226,0.002560003,12.105178031,49.38858747,3.14154965,14.452154615,0
89.8947573,1.41513091319846,0.957719065,2.319790951,12.963929481,13.494927541,137.700856102,1
74.5470118,5.0426371833107595,3.377740585,13.191774541,50.533892084,2.863197508,10.929307712,1
101.8830717,0.707749601220532,-0.366196948,1.428306257,12.319630821,10.742585344,167.68626342,0
121.2050215,0.10953128030536748,0.482809628,1.486174674,18.694216725,3.728411115,92.75426741,0
127.0576914,0.2447881846446726,0.548574418,3.341043234,10.515973586,14.946225733,214.101222577,0
84.2640432,2.973892824659565,1.743508574,3.280118225,19.301172821,8.906510279,98.045087694,1
113.0232477,0.035245560960847314,-0.808428712,2.895025995,14.145346492,11.396640472,122.702565432,0
122.867291,0.5903600805517708,0.706647403,15.849148919,55.243473664,3.097037188,20.653629321,0
116.5909196,0.1583353016125052,-0.329742827,1.77247222,16.882438361,8.793974685,128.492243595,0
119.2472133,0.35792144577616736,0.490190208,16.392111704,42.742803029,4.512036342,27.199651964,0
143.1069868,1.7696211361395797,0.308998726,6.214373323,20.693348039,6.498892372,54.684252596,0
106.2826915,1.0939750478324006,1.231934477,0.994914032,9.956067718,12.22887333,262.067908713,0
129.3227248,0.3782454736417141,0.464888164,11.619856296,36.810991248,3.702529964,21.298394316,0
83.3324447,3.3100605062581305,1.197351867,3.779375676,23.795040306,8.40204277,88.971877695,1
123.1915096,0.5012489515362122,0.476578736,2.667409799,18.255287463,9.402931684,113.791450856,0
104.3872198,1.8418721800530493,0.383185369,1.347577987,13.381836763,11.935501983,166.018228356,1
103.5348368,1.3157669771368885,0.419295208,1.787928876,38.221712839,9.54883025,79.967052213,0
146.6060161,0.02537340735706682,2.582092946,1.795410969,13.412019757,9.267129527,111.253333353,0
80.8503315,2.4921230665994587,0.271632656,2.940891899,17.623740618,8.894239694,92.373925172,1
73.3752232,4.455971534784034,4.058833871,28.874307509,53.334069634,1.050153982,-1.630793986,1
102.0980171,0.2730694869398823,2.127193539,2.477114663,14.569318192,7.320355733,117.075360589,0
100.3159069,1.5851270760576708,1.337711182,2.096086626,12.02652564,10.77208472,211.93102215,1
123.8151502,0.31194371751455213,0.059391872,2.97598032,18.778367853,9.334654978,109.045062818,0
113.9985347,0.516102279657699,0.710538887,3.361510554,14.352516826,7.463844226,73.673164653,0
121.1408231,0.28009290938739995,0.100940496,2.252596982,17.013575503,9.038983178,130.259630614,0
113.9407972,0.5783655295251455,0.200747566,13.320437186,49.452256078,1.899678637,8.362527362,1
123.8945983,1.3896184762957042,0.073221457,2.216052462,14.649833327,8.301055822,90.902954883,1
106.9038154,0.08170587937241766,-0.652390047,12.564441175,13.912279554,11.141655971,312.161063544,0
79.9318977,2.724932298133273,1.017438929,13.262333256,43.350133973,3.809751127,217.580349038,1
114.1160619,0.4434805885498776,-0.178560434,6.485421582,27.961031904,4.255641502,33.101269064,0
138.2029431,1.3835934091576325,-0.241643146,17.044836638,38.162463571,4.976904167,10.772264787,0
113.2476493,1.2975537993061474,0.435137245,11.745135915,44.372403119,1.238603677,17.214393002,0
115.7670933,0.39254303152516073,0.338533461,11.804175264,47.296569369,2.885900469,18.960010693,0
106.6985156,2.4853757976697857,1.953785613,1.542481843,13.43555071,11.146021612,185.663301539,1
90.0387638,0.9588958022004738,0.732577491,1.988866972,14.114281402,9.428102886,118.201012687,1
89.2386145,3.4299328439517427,0.367613909,2.328706887,21.235628933,8.961066993,72.595205559,1
74.8825752,3.561277291749872,3.302424082,10.865291149,61.867688383,3.773639593,-1.630793986,1
106.0874592,0.14911177526291988,-0.063508762,2.614064887,16.246599709,8.554306607,82.498399949,0
82.7771399,1.9149486466245753,1.106119912,1.627159721,13.811587551,10.1898471,140.221883514,1
82.8319279,1.7382941653465465,0.06829153,2.128762099,39.464463437,7.778679074,77.993899979,1
125.4370804,0.4001988505063177,-0.34935282,19.155445762,60.041924162,2.142886555,18.215593226,0
128.2737668,0.36939248550755666,0.440214617,12.378806561,47.676458413,1.848438347,4.576002726,0
96.0406706,0.5440874856212159,2.231953562,1.420021197,13.125045629,8.195916001,163.616119865,0
112.0039495,0.7006107076632597,-0.164572902,9.069041555,44.116903547,4.267937149,21.473766226,0
81.086528,3.167923092308309,4.238586499,16.262175265,35.872748744,1.862999216,16.295263453,1
112.3124205,0.47901184642462385,0.619585596,2.060648014,14.555493661,9.287095235,108.822512039,0
77.5684642,3.16938419914573,1.543685225,2.522444017,21.910555571,8.355276241,95.151977987,1
70.8578323,0.7426148917603544,0.495805408,11.287782884,40.634889066,2.061664827,0.208822106,1
92.3942436,0.3867250853437835,0.437090439,0.650501672,10.58044443,14.866396009,250.483554452,0
138.574248,0.6445154490078413,1.419209862,2.457148242,20.45201224,9.281656109,57.777408799,0
67.315838,6.335348509786956,4.238586499,22.013169578,62.1418418,1.502000212,10.84959546,1
75.3520683,0.22841001081095388,3.196363869,5.370804152,48.35703353,2.604073472,28.698390989,1
122.9541857,0.1086815279393496,-0.395628186,7.338565712,43.29218049,5.044573186,19.458754224,0
97.2412781,1.8825758707662583,-0.002154666,0.715704486,11.922859255,13.150913726,145.56226756,0
111.1253399,0.5485607821708139,1.52659245,0.815681689,26.116800437,11.942875184,73.235409044,0
79.8258589,2.6913567718801237,0.487487491,3.738805736,27.956531159,8.029267637,35.473517108,1
94.1634141,0.6781108812481237,0.246846687,6.656838575,33.635719377,5.230480653,15.636280701,0
104.015503,0.057460703607192985,0.444808028,2.857278053,18.65743584,6.944182232,66.258391051,0
145.8086843,0.7984605889346511,0.495400096,1.966679693,19.650607965,5.152370464,24.507003231,0
61.2346996,5.601464610233545,4.238586499,34.521448752,62.1418418,2.002268603,25.810893667,1
129.1969499,1.3942953574287889,0.322178669,23.022675905,58.285437415,1.013568283,-1.630793986,0
89.3374874,1.211401694638456,2.019038821,2.166957984,13.913588716,9.542301994,106.233065856,1
97.0960949,1.6252198879993378,0.736374371,2.824837933,15.847405667,10.149360504,82.613898157,0
88.7592273,2.7969059178750526,2.917727238,2.384022864,54.130770297,13.841390999,226.472277686,1
77.1199629,2.8827188923327696,2.044631856,4.092057015,22.669968628,9.848151967,102.062301451,1
96.2545667,3.2624535441710734,1.783574894,2.517133381,15.597134245,8.306059012,151.775996446,1
109.9818509,0.5138144175048468,0.236350867,4.952667859,17.373135676,7.953897908,71.071557471,0
123.3564746,0.468195785513387,0.410798535,7.580983202,52.24013552,3.699897362,175.281110662,0
145.2369772,0.5167835439782931,0.441161235,0.900675633,14.497243734,10.221522203,204.282834373,0
72.8721238,2.8810606467366298,0.175644148,7.883288749,45.650101429,2.308145166,6.058748497,1
91.2626762,0.6216117593665078,2.603299911,0.650501672,10.527721779,14.470538436,168.680995423,0
118.8458396,0.3024129970986527,0.327321659,7.168188907,34.713463488,4.078010817,64.107342108,0
94.4529036,1.8151308911223791,2.636065558,1.914798906,14.863238086,2.218293361,168.670121507,1
79.9893113,5.1729631109366245,4.238586499,14.015989418,53.538636498,1.844549579,6.239674119,1
149.6316277,0.433282879753805,0.098669678,2.40025058,18.154116455,6.51463253,107.026164121,0
77.7705535,0.02191011731679876,0.237304156,12.55578561,46.180951813,5.262844315,30.684636167,0
71.1709521,4.018175387702985,4.238586499,19.499460798,56.033686643,2.095916942,18.666333219,1
73.3674557,5.215324269753651,4.162832175,29.860007245,47.769662449,1.6467989,5.879806697,1
77.0557412,5.148277954722697,3.351515785,3.389338634,28.248160811,7.19478097,47.544668494,1
91.0933076,2.975673413356468,1.897126524,3.486450363,23.232918515,7.503235464,61.345617934,1
125.319082,0.3318700276128764,-0.62463349,2.128263594,17.588278211,8.368200106,73.486932205,0
123.0051059,0.6300722286807549,0.629151738,22.344534593,51.950419897,2.048334222,10.082496075,0
116.1271982,0.4128695659292039,-0.586003636,2.025874833,18.556136854,9.93999522,125.256891424,0
98.3216921,1.1909979410521798,1.96968349,2.55786678,52.446984373,9.467650996,111.78522624,1
98.3775862,0.6961596299387223,0.85175308,5.46956689,26.800515071,5.448259073,51.308238503,0
112.6331676,1.511306504507466,0.615353058,5.681730986,19.72899644,7.372123525,63.920684336,0
120.1721259,1.5120529635443405,-0.032441263,3.828030861,48.200176847,2.309726008,26.6846703,0
115.8228663,0.5183374529973835,0.134071607,7.201595019,21.701268414,5.618789584,111.818148369,0
115.7510928,0.8306575108537749,-0.144047686,4.754784525,18.00171768,4.695230002,115.591641264,0
83.5256792,0.2433801191780569,0.830127189,0.669327104,10.856747537,11.9831163,326.314656714,0
115.8069404,0.2548385968947556,-0.493386461,1.659006923,17.952463265,7.663624642,130.811265387,0
118.396524,0.2809483366862768,0.150714192,1.532334676,40.344785187,4.963508702,20.109819342,0
75.464634,0.5378946714800654,0.812261786,3.803904806,50.64981132,2.349444087,-0.898345507,1
73.921418,4.252631373901933,2.692973238,4.507205369,58.71334329,3.790279102,14.15966065,1
66.7546366,4.954777061274338,4.238586499,24.729314707,58.757863227,0.77527818,7.127966362,1
109.9126171,1.3728643923259303,3.074204006,2.569045594,16.899760542,6.637437338,141.416924394,0
68.6077742,4.830833714709455,2.412834894,12.54408058,61.313163729,1.243410214,19.82291301,1
94.8192597,1.670602451180118,2.953707372,2.215063579,33.775990792,3.095123595,6.844170053,1
153.5430609,1.0578396709071838,-0.219958249,1.888323631,19.612399569,6.395135858,93.110856067,0
114.8291164,2.2965735583054574,2.509162457,2.234156801,18.717928244,8.603858863,144.52292095,1
141.4394472,0.17778682946337288,-0.270949459,9.148951727,37.14008908,6.095127291,23.940109201,0
110.5375387,0.606494162733754,0.446579919,3.065578618,20.814964294,7.797086222,115.586462056,0
128.1801624,0.525301798616816,0.215009527,10.943497517,40.370582525,5.336463694,16.181523562,0
122.0200052,0.6647519453451349,0.045507721,5.001153087,34.732248583,4.459562367,19.233544654,0
124.1900534,0.9416570003412685,2.706937849,1.089949382,13.565425248,11.016472452,172.983074073,0
122.0834255,1.368949796481562,-0.536620097,7.443214151,26.874590528,4.576464433,4.50927268,0
71.0604679,0.3670719377188068,0.428124892,20.715512348,62.1418418,1.26426393,6.429707235,1
129.3655364,0.7755228707911663,0.472300011,14.780355253,35.777385589,3.866694838,12.972081615,0
87.2062325,3.0097480483479164,1.810938523,3.12742581,20.634924316,7.511700002,57.471922395,1
104.728433,0.7114510369503267,0.931868896,3.001387663,15.004104931,7.527431696,93.262363102,0
115.982146,0.3969698649595966,-0.372438213,6.940082659,29.327945225,4.580544287,70.473615825,0
126.720475,0.28821322308599806,0.478759307,2.108421003,17.342827624,9.448010717,99.235390902,0
96.2654445,0.5808742252126173,0.0482785,2.177034475,34.778587245,5.907310195,5.063922745,0
119.293722,0.3955427590515782,0.259334489,6.733696749,33.211091366,4.414972994,55.818653119,0
116.5479849,0.4837524373613466,0.462133914,5.854284028,24.571184148,7.460178106,47.328123596,0
135.7003518,1.2605699392337395,0.000225165,9.776155525,40.152193427,6.076471237,25.908656103,0
81.9904581,0.5063001564033314,0.400678708,2.597130971,30.879520902,7.05249615,53.250554012,0
91.3488868,1.6754340545957256,-0.025486127,2.909537252,15.206174826,6.688229106,65.044762039,0
117.1518295,0.7396469409697484,-0.117492053,4.538138124,21.211586074,7.717472786,68.798467812,0
109.8570736,1.0590102270579294,-0.516120003,2.719800279,15.98585109,8.361185135,79.703387268,0
100.5148915,0.05391574529199754,0.187506144,6.900506714,20.362346017,7.261495656,53.217027946,0
85.8092261,0.6903922216124609,0.430284617,5.649745512,23.775596841,6.118145421,51.794539321,0
